Workbook

Sheet INVENTAIRE
A1: ID_Materiel | B1: Catégorie | C1: Désignation | D1: Localisation | E1: Stock_Initial | F1: Entrées | G1: Sorties | H1: Stock_Actuel | I1: Stock_Min | J1: Alerte | K1: Statut | L1: Numéros_de_série | M1: Détails
A2: IT-122-0001 | C2: Box Otrum | D2: 122 | E2: 0 | F2: =IFERROR(SUMIFS(MOUVEMENTS_STOCK!$E:$E,MOUVEMENTS_STOCK!$C:$C,A2,MOUVEMENTS_STOCK!$D:$D,"ENTREE"),0) -> 1 | G2: =IFERROR(SUMIFS(MOUVEMENTS_STOCK!$E:$E,MOUVEMENTS_STOCK!$C:$C,A2,MOUVEMENTS_STOCK!$D:$D,"SORTIE"),0) -> 0 | H2: =E2+F2-G2 -> 1 | I2: 1 | J2: =IF(H2<=I2,"CRITIQUE",IF(H2<=I2+1,"BAS","OK")) -> CRITIQUE | K2: =IF(J2="CRITIQUE","A_REAPPROVISIONNER",IF(J2="BAS","SURVEILLER","OK")) -> A_REAPPROVISIONNER | M2: Old otrum box
A3: IT-122-0002 | C3: Clavier | D3: 122 | E3: 0 | F3: =IFERROR(SUMIFS(MOUVEMENTS_STOCK!$E:$E,MOUVEMENTS_STOCK!$C:$C,A3,MOUVEMENTS_STOCK!$D:$D,"ENTREE"),0) -> 0 | G3: =IFERROR(SUMIFS(MOUVEMENTS_STOCK!$E:$E,MOUVEMENTS_STOCK!$C:$C,A3,MOUVEMENTS_STOCK!$D:$D,"SORTIE"),0) -> 0 | H3: =E3+F3-G3 -> 0 | I3: 1 | J3: =IF(H3<=I3,"CRITIQUE",IF(H3<=I3+1,"BAS","OK")) -> CRITIQUE | K3: =IF(J3="CRITIQUE","A_REAPPROVISIONNER",IF(J3="BAS","SURVEILLER","OK")) -> A_REAPPROVISIONNER
A4: IT-122-0003 | C4: Compteuse | D4: 122 | E4: 2 | F4: =IFERROR(SUMIFS(MOUVEMENTS_STOCK!$E:$E,MOUVEMENTS_STOCK!$C:$C,A4,MOUVEMENTS_STOCK!$D:$D,"ENTREE"),0) -> 0 | G4: =IFERROR(SUMIFS(MOUVEMENTS_STOCK!$E:$E,MOUVEMENTS_STOCK!$C:$C,A4,MOUVEMENTS_STOCK!$D:$D,"SORTIE"),0) -> 0 | H4: =E4+F4-G4 -> 2 | I4: 2 | J4: =IF(H4<=I4,"CRITIQUE",IF(H4<=I4+1,"BAS","OK")) -> CRITIQUE | K4: =IF(J4="CRITIQUE","A_REAPPROVISIONNER",IF(J4="BAS","SURVEILLER","OK")) -> A_REAPPROVISIONNER
A5: IT-122-0004 | C5: Facture printer | D5: 122 | E5: 3 | F5: =IFERROR(SUMIFS(MOUVEMENTS_STOCK!$E:$E,MOUVEMENTS_STOCK!$C:$C,A5,MOUVEMENTS_STOCK!$D:$D,"ENTREE"),0) -> 0 | G5: =IFERROR(SUMIFS(MOUVEMENTS_STOCK!$E:$E,MOUVEMENTS_STOCK!$C:$C,A5,MOUVEMENTS_STOCK!$D:$D,"SORTIE"),0) -> 0 | H5: =E5+F5-G5 -> 3 | I5: 2 | J5: =IF(H5<=I5,"CRITIQUE",IF(H5<=I5+1,"BAS","OK")) -> BAS | K5: =IF(J5="CRITIQUE","A_REAPPROVISIONNER",IF(J5="BAS","SURVEILLER","OK")) -> SURVEILLER | M5: micros
A6: IT-122-0005 | C6: Imprimantes HP | D6: 122 | E6: 16 | F6: =IFERROR(SUMIFS(MOUVEMENTS_STOCK!$E:$E,MOUVEMENTS_STOCK!$C:$C,A6,MOUVEMENTS_STOCK!$D:$D,"ENTREE"),0) -> 0 | G6: =IFERROR(SUMIFS(MOUVEMENTS_STOCK!$E:$E,MOUVEMENTS_STOCK!$C:$C,A6,MOUVEMENTS_STOCK!$D:$D,"SORTIE"),0) -> 0 | H6: =E6+F6-G6 -> 16 | I6: 2 | J6: =IF(H6<=I6,"CRITIQUE",IF(H6<=I6+1,"BAS","OK")) -> OK | K6: =IF(J6="CRITIQUE","A_REAPPROVISIONNER",IF(J6="BAS","SURVEILLER","OK")) -> OK | M6: Officejet
A7: IT-122-0006 | C7: Mixte Cables | D7: 122 | E7: 0 | F7: =IFERROR(SUMIFS(MOUVEMENTS_STOCK!$E:$E,MOUVEMENTS_STOCK!$C:$C,A7,MOUVEMENTS_STOCK!$D:$D,"ENTREE"),0) -> 0 | G7: =IFERROR(SUMIFS(MOUVEMENTS_STOCK!$E:$E,MOUVEMENTS_STOCK!$C:$C,A7,MOUVEMENTS_STOCK!$D:$D,"SORTIE"),0) -> 0 | H7: =E7+F7-G7 -> 0 | I7: 1 | J7: =IF(H7<=I7,"CRITIQUE",IF(H7<=I7+1,"BAS","OK")) -> CRITIQUE | K7: =IF(J7="CRITIQUE","A_REAPPROVISIONNER",IF(J7="BAS","SURVEILLER","OK")) -> A_REAPPROVISIONNER | L7: N/A | M7: hdmi, Vga, display, power…
A8: IT-122-0007 | C8: Moniteurs HDMI | D8: 122 | E8: 4 | F8: =IFERROR(SUMIFS(MOUVEMENTS_STOCK!$E:$E,MOUVEMENTS_STOCK!$C:$C,A8,MOUVEMENTS_STOCK!$D:$D,"ENTREE"),0) -> 0 | G8: =IFERROR(SUMIFS(MOUVEMENTS_STOCK!$E:$E,MOUVEMENTS_STOCK!$C:$C,A8,MOUVEMENTS_STOCK!$D:$D,"SORTIE"),0) -> 0 | H8: =E8+F8-G8 -> 4 | I8: 2 | J8: =IF(H8<=I8,"CRITIQUE",IF(H8<=I8+1,"BAS","OK")) -> OK | K8: =IF(J8="CRITIQUE","A_REAPPROVISIONNER",IF(J8="BAS","SURVEILLER","OK")) -> OK | M8: New monitor serie
A9: IT-122-0008 | C9: PC | D9: 122 | E9: 11 | F9: =IFERROR(SUMIFS(MOUVEMENTS_STOCK!$E:$E,MOUVEMENTS_STOCK!$C:$C,A9,MOUVEMENTS_STOCK!$D:$D,"ENTREE"),0) -> 0 | G9: =IFERROR(SUMIFS(MOUVEMENTS_STOCK!$E:$E,MOUVEMENTS_STOCK!$C:$C,A9,MOUVEMENTS_STOCK!$D:$D,"SORTIE"),0) -> 0 | H9: =E9+F9-G9 -> 11 | I9: 2 | J9: =IF(H9<=I9,"CRITIQUE",IF(H9<=I9+1,"BAS","OK")) -> OK | K9: =IF(J9="CRITIQUE","A_REAPPROVISIONNER",IF(J9="BAS","SURVEILLER","OK")) -> OK | M9: Desktop HP
A10: IT-122-0009 | C10: POS | D10: 122 | E10: 6 | F10: =IFERROR(SUMIFS(MOUVEMENTS_STOCK!$E:$E,MOUVEMENTS_STOCK!$C:$C,A10,MOUVEMENTS_STOCK!$D:$D,"ENTREE"),0) -> 0 | G10: =IFERROR(SUMIFS(MOUVEMENTS_STOCK!$E:$E,MOUVEMENTS_STOCK!$C:$C,A10,MOUVEMENTS_STOCK!$D:$D,"SORTIE"),0) -> 0 | H10: =E10+F10-G10 -> 6 | I10: 2 | J10: =IF(H10<=I10,"CRITIQUE",IF(H10<=I10+1,"BAS","OK")) -> OK | K10: =IF(J10="CRITIQUE","A_REAPPROVISIONNER",IF(J10="BAS","SURVEILLER","OK")) -> OK | M10: MICROS
A11: IT-122-0010 | C11: Serveurs | D11: 122 | E11: 2 | F11: =IFERROR(SUMIFS(MOUVEMENTS_STOCK!$E:$E,MOUVEMENTS_STOCK!$C:$C,A11,MOUVEMENTS_STOCK!$D:$D,"ENTREE"),0) -> 0 | G11: =IFERROR(SUMIFS(MOUVEMENTS_STOCK!$E:$E,MOUVEMENTS_STOCK!$C:$C,A11,MOUVEMENTS_STOCK!$D:$D,"SORTIE"),0) -> 0 | H11: =E11+F11-G11 -> 2 | I11: 2 | J11: =IF(H11<=I11,"CRITIQUE",IF(H11<=I11+1,"BAS","OK")) -> CRITIQUE | K11: =IF(J11="CRITIQUE","A_REAPPROVISIONNER",IF(J11="BAS","SURVEILLER","OK")) -> A_REAPPROVISIONNER | M11: HP
A12: IT-122-0011 | C12: Téléphone | D12: 122 | E12: 0 | F12: =IFERROR(SUMIFS(MOUVEMENTS_STOCK!$E:$E,MOUVEMENTS_STOCK!$C:$C,A12,MOUVEMENTS_STOCK!$D:$D,"ENTREE"),0) -> 0 | G12: =IFERROR(SUMIFS(MOUVEMENTS_STOCK!$E:$E,MOUVEMENTS_STOCK!$C:$C,A12,MOUVEMENTS_STOCK!$D:$D,"SORTIE"),0) -> 0 | H12: =E12+F12-G12 -> 0 | I12: 1 | J12: =IF(H12<=I12,"CRITIQUE",IF(H12<=I12+1,"BAS","OK")) -> CRITIQUE | K12: =IF(J12="CRITIQUE","A_REAPPROVISIONNER",IF(J12="BAS","SURVEILLER","OK")) -> A_REAPPROVISIONNER | M12: Old téléphone
A13: IT-133-0012 | C13: Autres | D13: 133 | E13: 0 | F13: =IFERROR(SUMIFS(MOUVEMENTS_STOCK!$E:$E,MOUVEMENTS_STOCK!$C:$C,A13,MOUVEMENTS_STOCK!$D:$D,"ENTREE"),0) -> 0 | G13: =IFERROR(SUMIFS(MOUVEMENTS_STOCK!$E:$E,MOUVEMENTS_STOCK!$C:$C,A13,MOUVEMENTS_STOCK!$D:$D,"SORTIE"),0) -> 0 | H13: =E13+F13-G13 -> 0 | I13: 1 | J13: =IF(H13<=I13,"CRITIQUE",IF(H13<=I13+1,"BAS","OK")) -> CRITIQUE | K13: =IF(J13="CRITIQUE","A_REAPPROVISIONNER",IF(J13="BAS","SURVEILLER","OK")) -> A_REAPPROVISIONNER
A14: IT-133-0013 | C14: Autres Switch | D14: 133 | E14: 6 | F14: =IFERROR(SUMIFS(MOUVEMENTS_STOCK!$E:$E,MOUVEMENTS_STOCK!$C:$C,A14,MOUVEMENTS_STOCK!$D:$D,"ENTREE"),0) -> 0 | G14: =IFERROR(SUMIFS(MOUVEMENTS_STOCK!$E:$E,MOUVEMENTS_STOCK!$C:$C,A14,MOUVEMENTS_STOCK!$D:$D,"SORTIE"),0) -> 0 | H14: =E14+F14-G14 -> 6 | I14: 2 | J14: =IF(H14<=I14,"CRITIQUE",IF(H14<=I14+1,"BAS","OK")) -> OK | K14: =IF(J14="CRITIQUE","A_REAPPROVISIONNER",IF(J14="BAS","SURVEILLER","OK")) -> OK | L14: SG252IQ0KQ_J9146A | M14: HP 2910al-24G;PoE
A15: IT-133-0014 | C15: Box Otrum | D15: 122 | E15: 10 | F15: =IFERROR(SUMIFS(MOUVEMENTS_STOCK!$E:$E,MOUVEMENTS_STOCK!$C:$C,A15,MOUVEMENTS_STOCK!$D:$D,"ENTREE"),0) -> 0 | G15: =IFERROR(SUMIFS(MOUVEMENTS_STOCK!$E:$E,MOUVEMENTS_STOCK!$C:$C,A15,MOUVEMENTS_STOCK!$D:$D,"SORTIE"),0) -> 0 | H15: =E15+F15-G15 -> 10 | I15: 2 | J15: =IF(H15<=I15,"CRITIQUE",IF(H15<=I15+1,"BAS","OK")) -> OK | K15: =IF(J15="CRITIQUE","A_REAPPROVISIONNER",IF(J15="BAS","SURVEILLER","OK")) -> OK | L15: N/A | M15: Old box system
A16: IT-133-0015 | C16: Cables | D16: 133 | E16: 0 | F16: =IFERROR(SUMIFS(MOUVEMENTS_STOCK!$E:$E,MOUVEMENTS_STOCK!$C:$C,A16,MOUVEMENTS_STOCK!$D:$D,"ENTREE"),0) -> 0 | G16: =IFERROR(SUMIFS(MOUVEMENTS_STOCK!$E:$E,MOUVEMENTS_STOCK!$C:$C,A16,MOUVEMENTS_STOCK!$D:$D,"SORTIE"),0) -> 0 | H16: =E16+F16-G16 -> 0 | I16: 1 | J16: =IF(H16<=I16,"CRITIQUE",IF(H16<=I16+1,"BAS","OK")) -> CRITIQUE | K16: =IF(J16="CRITIQUE","A_REAPPROVISIONNER",IF(J16="BAS","SURVEILLER","OK")) -> A_REAPPROVISIONNER
A17: IT-133-0016 | C17: Clavier | D17: 133 | E17: 20 | F17: =IFERROR(SUMIFS(MOUVEMENTS_STOCK!$E:$E,MOUVEMENTS_STOCK!$C:$C,A17,MOUVEMENTS_STOCK!$D:$D,"ENTREE"),0) -> 0 | G17: =IFERROR(SUMIFS(MOUVEMENTS_STOCK!$E:$E,MOUVEMENTS_STOCK!$C:$C,A17,MOUVEMENTS_STOCK!$D:$D,"SORTIE"),0) -> 0 | H17: =E17+F17-G17 -> 20 | I17: 2 | J17: =IF(H17<=I17,"CRITIQUE",IF(H17<=I17+1,"BAS","OK")) -> OK | K17: =IF(J17="CRITIQUE","A_REAPPROVISIONNER",IF(J17="BAS","SURVEILLER","OK")) -> OK | L17: N/A | M17: Old
A18: IT-133-0017 | C18: Coffre fort | D18: 133 | E18: 0 | F18: =IFERROR(SUMIFS(MOUVEMENTS_STOCK!$E:$E,MOUVEMENTS_STOCK!$C:$C,A18,MOUVEMENTS_STOCK!$D:$D,"ENTREE"),0) -> 0 | G18: =IFERROR(SUMIFS(MOUVEMENTS_STOCK!$E:$E,MOUVEMENTS_STOCK!$C:$C,A18,MOUVEMENTS_STOCK!$D:$D,"SORTIE"),0) -> 0 | H18: =E18+F18-G18 -> 0 | I18: 1 | J18: =IF(H18<=I18,"CRITIQUE",IF(H18<=I18+1,"BAS","OK")) -> CRITIQUE | K18: =IF(J18="CRITIQUE","A_REAPPROVISIONNER",IF(J18="BAS","SURVEILLER","OK")) -> A_REAPPROVISIONNER
A19: IT-133-0018 | C19: Ecran HDMI | D19: 133 | E19: 2 | F19: =IFERROR(SUMIFS(MOUVEMENTS_STOCK!$E:$E,MOUVEMENTS_STOCK!$C:$C,A19,MOUVEMENTS_STOCK!$D:$D,"ENTREE"),0) -> 0 | G19: =IFERROR(SUMIFS(MOUVEMENTS_STOCK!$E:$E,MOUVEMENTS_STOCK!$C:$C,A19,MOUVEMENTS_STOCK!$D:$D,"SORTIE"),0) -> 0 | H19: =E19+F19-G19 -> 2 | I19: 2 | J19: =IF(H19<=I19,"CRITIQUE",IF(H19<=I19+1,"BAS","OK")) -> CRITIQUE | K19: =IF(J19="CRITIQUE","A_REAPPROVISIONNER",IF(J19="BAS","SURVEILLER","OK")) -> A_REAPPROVISIONNER
A20: IT-133-0019 | C20: HDMI | D20: 133 | E20: 0 | F20: =IFERROR(SUMIFS(MOUVEMENTS_STOCK!$E:$E,MOUVEMENTS_STOCK!$C:$C,A20,MOUVEMENTS_STOCK!$D:$D,"ENTREE"),0) -> 0 | G20: =IFERROR(SUMIFS(MOUVEMENTS_STOCK!$E:$E,MOUVEMENTS_STOCK!$C:$C,A20,MOUVEMENTS_STOCK!$D:$D,"SORTIE"),0) -> 0 | H20: =E20+F20-G20 -> 0 | I20: 1 | J20: =IF(H20<=I20,"CRITIQUE",IF(H20<=I20+1,"BAS","OK")) -> CRITIQUE | K20: =IF(J20="CRITIQUE","A_REAPPROVISIONNER",IF(J20="BAS","SURVEILLER","OK")) -> A_REAPPROVISIONNER | L20: N/A | M20: Court 2 à 3 mètres
A21: IT-133-0020 | C21: HP 280 G2 | D21: 133 | E21: 4 | F21: =IFERROR(SUMIFS(MOUVEMENTS_STOCK!$E:$E,MOUVEMENTS_STOCK!$C:$C,A21,MOUVEMENTS_STOCK!$D:$D,"ENTREE"),0) -> 0 | G21: =IFERROR(SUMIFS(MOUVEMENTS_STOCK!$E:$E,MOUVEMENTS_STOCK!$C:$C,A21,MOUVEMENTS_STOCK!$D:$D,"SORTIE"),0) -> 0 | H21: =E21+F21-G21 -> 4 | I21: 2 | J21: =IF(H21<=I21,"CRITIQUE",IF(H21<=I21+1,"BAS","OK")) -> OK | K21: =IF(J21="CRITIQUE","A_REAPPROVISIONNER",IF(J21="BAS","SURVEILLER","OK")) -> OK
A22: IT-133-0021 | C22: HP Compaq | D22: 133 | E22: 33 | F22: =IFERROR(SUMIFS(MOUVEMENTS_STOCK!$E:$E,MOUVEMENTS_STOCK!$C:$C,A22,MOUVEMENTS_STOCK!$D:$D,"ENTREE"),0) -> 0 | G22: =IFERROR(SUMIFS(MOUVEMENTS_STOCK!$E:$E,MOUVEMENTS_STOCK!$C:$C,A22,MOUVEMENTS_STOCK!$D:$D,"SORTIE"),0) -> 0 | H22: =E22+F22-G22 -> 33 | I22: 2 | J22: =IF(H22<=I22,"CRITIQUE",IF(H22<=I22+1,"BAS","OK")) -> OK | K22: =IF(J22="CRITIQUE","A_REAPPROVISIONNER",IF(J22="BAS","SURVEILLER","OK")) -> OK
A23: IT-133-0022 | C23: HP Elite Desk | D23: 133 | E23: 1 | F23: =IFERROR(SUMIFS(MOUVEMENTS_STOCK!$E:$E,MOUVEMENTS_STOCK!$C:$C,A23,MOUVEMENTS_STOCK!$D:$D,"ENTREE"),0) -> 0 | G23: =IFERROR(SUMIFS(MOUVEMENTS_STOCK!$E:$E,MOUVEMENTS_STOCK!$C:$C,A23,MOUVEMENTS_STOCK!$D:$D,"SORTIE"),0) -> 0 | H23: =E23+F23-G23 -> 1 | I23: 1 | J23: =IF(H23<=I23,"CRITIQUE",IF(H23<=I23+1,"BAS","OK")) -> CRITIQUE | K23: =IF(J23="CRITIQUE","A_REAPPROVISIONNER",IF(J23="BAS","SURVEILLER","OK")) -> A_REAPPROVISIONNER
A24: IT-133-0023 | C24: HP Pro | D24: 133 | E24: 5 | F24: =IFERROR(SUMIFS(MOUVEMENTS_STOCK!$E:$E,MOUVEMENTS_STOCK!$C:$C,A24,MOUVEMENTS_STOCK!$D:$D,"ENTREE"),0) -> 0 | G24: =IFERROR(SUMIFS(MOUVEMENTS_STOCK!$E:$E,MOUVEMENTS_STOCK!$C:$C,A24,MOUVEMENTS_STOCK!$D:$D,"SORTIE"),0) -> 0 | H24: =E24+F24-G24 -> 5 | I24: 2 | J24: =IF(H24<=I24,"CRITIQUE",IF(H24<=I24+1,"BAS","OK")) -> OK | K24: =IF(J24="CRITIQUE","A_REAPPROVISIONNER",IF(J24="BAS","SURVEILLER","OK")) -> OK
A25: IT-133-0024 | C25: HP Prodesk | D25: 133 | E25: 1 | F25: =IFERROR(SUMIFS(MOUVEMENTS_STOCK!$E:$E,MOUVEMENTS_STOCK!$C:$C,A25,MOUVEMENTS_STOCK!$D:$D,"ENTREE"),0) -> 0 | G25: =IFERROR(SUMIFS(MOUVEMENTS_STOCK!$E:$E,MOUVEMENTS_STOCK!$C:$C,A25,MOUVEMENTS_STOCK!$D:$D,"SORTIE"),0) -> 0 | H25: =E25+F25-G25 -> 1 | I25: 1 | J25: =IF(H25<=I25,"CRITIQUE",IF(H25<=I25+1,"BAS","OK")) -> CRITIQUE | K25: =IF(J25="CRITIQUE","A_REAPPROVISIONNER",IF(J25="BAS","SURVEILLER","OK")) -> A_REAPPROVISIONNER
A26: IT-133-0025 | C26: Imprimante HP | D26: 133 | E26: 3 | F26: =IFERROR(SUMIFS(MOUVEMENTS_STOCK!$E:$E,MOUVEMENTS_STOCK!$C:$C,A26,MOUVEMENTS_STOCK!$D:$D,"ENTREE"),0) -> 0 | G26: =IFERROR(SUMIFS(MOUVEMENTS_STOCK!$E:$E,MOUVEMENTS_STOCK!$C:$C,A26,MOUVEMENTS_STOCK!$D:$D,"SORTIE"),0) -> 0 | H26: =E26+F26-G26 -> 3 | I26: 2 | J26: =IF(H26<=I26,"CRITIQUE",IF(H26<=I26+1,"BAS","OK")) -> BAS | K26: =IF(J26="CRITIQUE","A_REAPPROVISIONNER",IF(J26="BAS","SURVEILLER","OK")) -> SURVEILLER | M26: HP Officejet 8730; laserJet P3015; laserJet Pro MFP 130 fw
A27: IT-133-0026 | C27: Imprimantes | D27: 133 | E27: 0 | F27: =IFERROR(SUMIFS(MOUVEMENTS_STOCK!$E:$E,MOUVEMENTS_STOCK!$C:$C,A27,MOUVEMENTS_STOCK!$D:$D,"ENTREE"),0) -> 0 | G27: =IFERROR(SUMIFS(MOUVEMENTS_STOCK!$E:$E,MOUVEMENTS_STOCK!$C:$C,A27,MOUVEMENTS_STOCK!$D:$D,"SORTIE"),0) -> 0 | H27: =E27+F27-G27 -> 0 | I27: 1 | J27: =IF(H27<=I27,"CRITIQUE",IF(H27<=I27+1,"BAS","OK")) -> CRITIQUE | K27: =IF(J27="CRITIQUE","A_REAPPROVISIONNER",IF(J27="BAS","SURVEILLER","OK")) -> A_REAPPROVISIONNER
A28: IT-133-0027 | C28: Moniteurs | D28: 133 | E28: 21 | F28: =IFERROR(SUMIFS(MOUVEMENTS_STOCK!$E:$E,MOUVEMENTS_STOCK!$C:$C,A28,MOUVEMENTS_STOCK!$D:$D,"ENTREE"),0) -> 0 | G28: =IFERROR(SUMIFS(MOUVEMENTS_STOCK!$E:$E,MOUVEMENTS_STOCK!$C:$C,A28,MOUVEMENTS_STOCK!$D:$D,"SORTIE"),0) -> 0 | H28: =E28+F28-G28 -> 21 | I28: 2 | J28: =IF(H28<=I28,"CRITIQUE",IF(H28<=I28+1,"BAS","OK")) -> OK | K28: =IF(J28="CRITIQUE","A_REAPPROVISIONNER",IF(J28="BAS","SURVEILLER","OK")) -> OK | M28: moniteur type VGA (old); moniteur type hdmi (old)
A29: IT-133-0028 | C29: Piles 3V | D29: 133 | E29: 0 | F29: =IFERROR(SUMIFS(MOUVEMENTS_STOCK!$E:$E,MOUVEMENTS_STOCK!$C:$C,A29,MOUVEMENTS_STOCK!$D:$D,"ENTREE"),0) -> 0 | G29: =IFERROR(SUMIFS(MOUVEMENTS_STOCK!$E:$E,MOUVEMENTS_STOCK!$C:$C,A29,MOUVEMENTS_STOCK!$D:$D,"SORTIE"),0) -> 0 | H29: =E29+F29-G29 -> 0 | I29: 1 | J29: =IF(H29<=I29,"CRITIQUE",IF(H29<=I29+1,"BAS","OK")) -> CRITIQUE | K29: =IF(J29="CRITIQUE","A_REAPPROVISIONNER",IF(J29="BAS","SURVEILLER","OK")) -> A_REAPPROVISIONNER | L29: N/A | M29: Kodak Uktra Lithium
A30: IT-133-0029 | C30: Piles 9V | D30: 133 | E30: 4 | F30: =IFERROR(SUMIFS(MOUVEMENTS_STOCK!$E:$E,MOUVEMENTS_STOCK!$C:$C,A30,MOUVEMENTS_STOCK!$D:$D,"ENTREE"),0) -> 0 | G30: =IFERROR(SUMIFS(MOUVEMENTS_STOCK!$E:$E,MOUVEMENTS_STOCK!$C:$C,A30,MOUVEMENTS_STOCK!$D:$D,"SORTIE"),0) -> 0 | H30: =E30+F30-G30 -> 4 | I30: 2 | J30: =IF(H30<=I30,"CRITIQUE",IF(H30<=I30+1,"BAS","OK")) -> OK | K30: =IF(J30="CRITIQUE","A_REAPPROVISIONNER",IF(J30="BAS","SURVEILLER","OK")) -> OK | L30: N/A | M30: Vartra LongLife
A31: IT-133-0030 | C31: Piles AA | D31: 133 | E31: 5 | F31: =IFERROR(SUMIFS(MOUVEMENTS_STOCK!$E:$E,MOUVEMENTS_STOCK!$C:$C,A31,MOUVEMENTS_STOCK!$D:$D,"ENTREE"),0) -> 0 | G31: =IFERROR(SUMIFS(MOUVEMENTS_STOCK!$E:$E,MOUVEMENTS_STOCK!$C:$C,A31,MOUVEMENTS_STOCK!$D:$D,"SORTIE"),0) -> 0 | H31: =E31+F31-G31 -> 5 | I31: 2 | J31: =IF(H31<=I31,"CRITIQUE",IF(H31<=I31+1,"BAS","OK")) -> OK | K31: =IF(J31="CRITIQUE","A_REAPPROVISIONNER",IF(J31="BAS","SURVEILLER","OK")) -> OK | L31: N/A
A32: IT-133-0031 | C32: Piles AAA | D32: 133 | E32: 12 | F32: =IFERROR(SUMIFS(MOUVEMENTS_STOCK!$E:$E,MOUVEMENTS_STOCK!$C:$C,A32,MOUVEMENTS_STOCK!$D:$D,"ENTREE"),0) -> 0 | G32: =IFERROR(SUMIFS(MOUVEMENTS_STOCK!$E:$E,MOUVEMENTS_STOCK!$C:$C,A32,MOUVEMENTS_STOCK!$D:$D,"SORTIE"),0) -> 0 | H32: =E32+F32-G32 -> 12 | I32: 2 | J32: =IF(H32<=I32,"CRITIQUE",IF(H32<=I32+1,"BAS","OK")) -> OK | K32: =IF(J32="CRITIQUE","A_REAPPROVISIONNER",IF(J32="BAS","SURVEILLER","OK")) -> OK | L32: N/A
A33: IT-133-0032 | C33: Power | D33: 133 | E33: 0 | F33: =IFERROR(SUMIFS(MOUVEMENTS_STOCK!$E:$E,MOUVEMENTS_STOCK!$C:$C,A33,MOUVEMENTS_STOCK!$D:$D,"ENTREE"),0) -> 0 | G33: =IFERROR(SUMIFS(MOUVEMENTS_STOCK!$E:$E,MOUVEMENTS_STOCK!$C:$C,A33,MOUVEMENTS_STOCK!$D:$D,"SORTIE"),0) -> 0 | H33: =E33+F33-G33 -> 0 | I33: 1 | J33: =IF(H33<=I33,"CRITIQUE",IF(H33<=I33+1,"BAS","OK")) -> CRITIQUE | K33: =IF(J33="CRITIQUE","A_REAPPROVISIONNER",IF(J33="BAS","SURVEILLER","OK")) -> A_REAPPROVISIONNER | L33: N/A | M33: Court 1 à 2 mètres
A34: IT-133-0033 | C34: Souris | D34: 133 | E34: 5 | F34: =IFERROR(SUMIFS(MOUVEMENTS_STOCK!$E:$E,MOUVEMENTS_STOCK!$C:$C,A34,MOUVEMENTS_STOCK!$D:$D,"ENTREE"),0) -> 0 | G34: =IFERROR(SUMIFS(MOUVEMENTS_STOCK!$E:$E,MOUVEMENTS_STOCK!$C:$C,A34,MOUVEMENTS_STOCK!$D:$D,"SORTIE"),0) -> 0 | H34: =E34+F34-G34 -> 5 | I34: 2 | J34: =IF(H34<=I34,"CRITIQUE",IF(H34<=I34+1,"BAS","OK")) -> OK | K34: =IF(J34="CRITIQUE","A_REAPPROVISIONNER",IF(J34="BAS","SURVEILLER","OK")) -> OK | L34: N/A | M34: Old
A35: IT-133-0034 | C35: Switch Aruba | D35: 133 | E35: 10 | F35: =IFERROR(SUMIFS(MOUVEMENTS_STOCK!$E:$E,MOUVEMENTS_STOCK!$C:$C,A35,MOUVEMENTS_STOCK!$D:$D,"ENTREE"),0) -> 0 | G35: =IFERROR(SUMIFS(MOUVEMENTS_STOCK!$E:$E,MOUVEMENTS_STOCK!$C:$C,A35,MOUVEMENTS_STOCK!$D:$D,"SORTIE"),0) -> 0 | H35: =E35+F35-G35 -> 10 | I35: 2 | J35: =IF(H35<=I35,"CRITIQUE",IF(H35<=I35+1,"BAS","OK")) -> OK | K35: =IF(J35="CRITIQUE","A_REAPPROVISIONNER",IF(J35="BAS","SURVEILLER","OK")) -> OK | L35: CN36HKX0Z4_JL256 | M35: 48 Ports; PoE
A36: IT-133-0035 | C36: TV 32 Pousses | D36: 133 | E36: 10 | F36: =IFERROR(SUMIFS(MOUVEMENTS_STOCK!$E:$E,MOUVEMENTS_STOCK!$C:$C,A36,MOUVEMENTS_STOCK!$D:$D,"ENTREE"),0) -> 0 | G36: =IFERROR(SUMIFS(MOUVEMENTS_STOCK!$E:$E,MOUVEMENTS_STOCK!$C:$C,A36,MOUVEMENTS_STOCK!$D:$D,"SORTIE"),0) -> 0 | H36: =E36+F36-G36 -> 10 | I36: 2 | J36: =IF(H36<=I36,"CRITIQUE",IF(H36<=I36+1,"BAS","OK")) -> OK | K36: =IF(J36="CRITIQUE","A_REAPPROVISIONNER",IF(J36="BAS","SURVEILLER","OK")) -> OK | M36: TV en état de maintenance
A37: IT-133-0036 | C37: TV 40 pousse | D37: 133 | E37: 13 | F37: =IFERROR(SUMIFS(MOUVEMENTS_STOCK!$E:$E,MOUVEMENTS_STOCK!$C:$C,A37,MOUVEMENTS_STOCK!$D:$D,"ENTREE"),0) -> 0 | G37: =IFERROR(SUMIFS(MOUVEMENTS_STOCK!$E:$E,MOUVEMENTS_STOCK!$C:$C,A37,MOUVEMENTS_STOCK!$D:$D,"SORTIE"),0) -> 0 | H37: =E37+F37-G37 -> 13 | I37: 2 | J37: =IF(H37<=I37,"CRITIQUE",IF(H37<=I37+1,"BAS","OK")) -> OK | K37: =IF(J37="CRITIQUE","A_REAPPROVISIONNER",IF(J37="BAS","SURVEILLER","OK")) -> OK | M37: TV en état de maintenance
A38: IT-133-0037 | C38: TV 50 pousses | D38: 133 | E38: 0 | F38: =IFERROR(SUMIFS(MOUVEMENTS_STOCK!$E:$E,MOUVEMENTS_STOCK!$C:$C,A38,MOUVEMENTS_STOCK!$D:$D,"ENTREE"),0) -> 0 | G38: =IFERROR(SUMIFS(MOUVEMENTS_STOCK!$E:$E,MOUVEMENTS_STOCK!$C:$C,A38,MOUVEMENTS_STOCK!$D:$D,"SORTIE"),0) -> 0 | H38: =E38+F38-G38 -> 0 | I38: 1 | J38: =IF(H38<=I38,"CRITIQUE",IF(H38<=I38+1,"BAS","OK")) -> CRITIQUE | K38: =IF(J38="CRITIQUE","A_REAPPROVISIONNER",IF(J38="BAS","SURVEILLER","OK")) -> A_REAPPROVISIONNER
A39: IT-133-0038 | C39: TV 55 pousses | D39: 133 | E39: 6 | F39: =IFERROR(SUMIFS(MOUVEMENTS_STOCK!$E:$E,MOUVEMENTS_STOCK!$C:$C,A39,MOUVEMENTS_STOCK!$D:$D,"ENTREE"),0) -> 0 | G39: =IFERROR(SUMIFS(MOUVEMENTS_STOCK!$E:$E,MOUVEMENTS_STOCK!$C:$C,A39,MOUVEMENTS_STOCK!$D:$D,"SORTIE"),0) -> 0 | H39: =E39+F39-G39 -> 6 | I39: 2 | J39: =IF(H39<=I39,"CRITIQUE",IF(H39<=I39+1,"BAS","OK")) -> OK | K39: =IF(J39="CRITIQUE","A_REAPPROVISIONNER",IF(J39="BAS","SURVEILLER","OK")) -> OK | M39: Old TV
A40: IT-133-0039 | C40: TV 65 pousses | D40: 133 | E40: 2 | F40: =IFERROR(SUMIFS(MOUVEMENTS_STOCK!$E:$E,MOUVEMENTS_STOCK!$C:$C,A40,MOUVEMENTS_STOCK!$D:$D,"ENTREE"),0) -> 0 | G40: =IFERROR(SUMIFS(MOUVEMENTS_STOCK!$E:$E,MOUVEMENTS_STOCK!$C:$C,A40,MOUVEMENTS_STOCK!$D:$D,"SORTIE"),0) -> 0 | H40: =E40+F40-G40 -> 2 | I40: 2 | J40: =IF(H40<=I40,"CRITIQUE",IF(H40<=I40+1,"BAS","OK")) -> CRITIQUE | K40: =IF(J40="CRITIQUE","A_REAPPROVISIONNER",IF(J40="BAS","SURVEILLER","OK")) -> A_REAPPROVISIONNER | M40: New TV
A41: IT-133-0040 | C41: Téléphone | D41: 133 | E41: 0 | F41: =IFERROR(SUMIFS(MOUVEMENTS_STOCK!$E:$E,MOUVEMENTS_STOCK!$C:$C,A41,MOUVEMENTS_STOCK!$D:$D,"ENTREE"),0) -> 0 | G41: =IFERROR(SUMIFS(MOUVEMENTS_STOCK!$E:$E,MOUVEMENTS_STOCK!$C:$C,A41,MOUVEMENTS_STOCK!$D:$D,"SORTIE"),0) -> 0 | H41: =E41+F41-G41 -> 0 | I41: 1 | J41: =IF(H41<=I41,"CRITIQUE",IF(H41<=I41+1,"BAS","OK")) -> CRITIQUE | K41: =IF(J41="CRITIQUE","A_REAPPROVISIONNER",IF(J41="BAS","SURVEILLER","OK")) -> A_REAPPROVISIONNER
A42: IT-133-0041 | C42: Téléphone IP | D42: 133 | E42: 1 | F42: =IFERROR(SUMIFS(MOUVEMENTS_STOCK!$E:$E,MOUVEMENTS_STOCK!$C:$C,A42,MOUVEMENTS_STOCK!$D:$D,"ENTREE"),0) -> 0 | G42: =IFERROR(SUMIFS(MOUVEMENTS_STOCK!$E:$E,MOUVEMENTS_STOCK!$C:$C,A42,MOUVEMENTS_STOCK!$D:$D,"SORTIE"),0) -> 0 | H42: =E42+F42-G42 -> 1 | I42: 1 | J42: =IF(H42<=I42,"CRITIQUE",IF(H42<=I42+1,"BAS","OK")) -> CRITIQUE | K42: =IF(J42="CRITIQUE","A_REAPPROVISIONNER",IF(J42="BAS","SURVEILLER","OK")) -> A_REAPPROVISIONNER
A43: IT-133-0042 | C43: Téléphone chambre | D43: 133 | E43: 33 | F43: =IFERROR(SUMIFS(MOUVEMENTS_STOCK!$E:$E,MOUVEMENTS_STOCK!$C:$C,A43,MOUVEMENTS_STOCK!$D:$D,"ENTREE"),0) -> 0 | G43: =IFERROR(SUMIFS(MOUVEMENTS_STOCK!$E:$E,MOUVEMENTS_STOCK!$C:$C,A43,MOUVEMENTS_STOCK!$D:$D,"SORTIE"),0) -> 0 | H43: =E43+F43-G43 -> 33 | I43: 2 | J43: =IF(H43<=I43,"CRITIQUE",IF(H43<=I43+1,"BAS","OK")) -> OK | K43: =IF(J43="CRITIQUE","A_REAPPROVISIONNER",IF(J43="BAS","SURVEILLER","OK")) -> OK
A44: IT-133-0043 | C44: VGA | D44: 133 | E44: 0 | F44: =IFERROR(SUMIFS(MOUVEMENTS_STOCK!$E:$E,MOUVEMENTS_STOCK!$C:$C,A44,MOUVEMENTS_STOCK!$D:$D,"ENTREE"),0) -> 0 | G44: =IFERROR(SUMIFS(MOUVEMENTS_STOCK!$E:$E,MOUVEMENTS_STOCK!$C:$C,A44,MOUVEMENTS_STOCK!$D:$D,"SORTIE"),0) -> 0 | H44: =E44+F44-G44 -> 0 | I44: 1 | J44: =IF(H44<=I44,"CRITIQUE",IF(H44<=I44+1,"BAS","OK")) -> CRITIQUE | K44: =IF(J44="CRITIQUE","A_REAPPROVISIONNER",IF(J44="BAS","SURVEILLER","OK")) -> A_REAPPROVISIONNER | L44: N/A | M44: Court 2 à 3 mètres
A45: IT-133-0044 | C45: safe | D45: 133 | E45: 15 | F45: =IFERROR(SUMIFS(MOUVEMENTS_STOCK!$E:$E,MOUVEMENTS_STOCK!$C:$C,A45,MOUVEMENTS_STOCK!$D:$D,"ENTREE"),0) -> 0 | G45: =IFERROR(SUMIFS(MOUVEMENTS_STOCK!$E:$E,MOUVEMENTS_STOCK!$C:$C,A45,MOUVEMENTS_STOCK!$D:$D,"SORTIE"),0) -> 0 | H45: =E45+F45-G45 -> 15 | I45: 2 | J45: =IF(H45<=I45,"CRITIQUE",IF(H45<=I45+1,"BAS","OK")) -> OK | K45: =IF(J45="CRITIQUE","A_REAPPROVISIONNER",IF(J45="BAS","SURVEILLER","OK")) -> OK | M45: Assa Abloy safe, OLD; Assa Abloy safe, brand new
A46: IT-BUREAU_IT-0045 | C46: Box wifi | D46: Bureau IT | E46: 4 | F46: =IFERROR(SUMIFS(MOUVEMENTS_STOCK!$E:$E,MOUVEMENTS_STOCK!$C:$C,A46,MOUVEMENTS_STOCK!$D:$D,"ENTREE"),0) -> 0 | G46: =IFERROR(SUMIFS(MOUVEMENTS_STOCK!$E:$E,MOUVEMENTS_STOCK!$C:$C,A46,MOUVEMENTS_STOCK!$D:$D,"SORTIE"),0) -> 0 | H46: =E46+F46-G46 -> 4 | I46: 2 | J46: =IF(H46<=I46,"CRITIQUE",IF(H46<=I46+1,"BAS","OK")) -> OK | K46: =IF(J46="CRITIQUE","A_REAPPROVISIONNER",IF(J46="BAS","SURVEILLER","OK")) -> OK | M46: box wifi n_9; 8 et 7; old n_4
A47: IT-BUREAU_IT-0046 | C47: Box wifi Gabon télécom | D47: Bureau IT | E47: 0 | F47: =IFERROR(SUMIFS(MOUVEMENTS_STOCK!$E:$E,MOUVEMENTS_STOCK!$C:$C,A47,MOUVEMENTS_STOCK!$D:$D,"ENTREE"),0) -> 0 | G47: =IFERROR(SUMIFS(MOUVEMENTS_STOCK!$E:$E,MOUVEMENTS_STOCK!$C:$C,A47,MOUVEMENTS_STOCK!$D:$D,"SORTIE"),0) -> 0 | H47: =E47+F47-G47 -> 0 | I47: 1 | J47: =IF(H47<=I47,"CRITIQUE",IF(H47<=I47+1,"BAS","OK")) -> CRITIQUE | K47: =IF(J47="CRITIQUE","A_REAPPROVISIONNER",IF(J47="BAS","SURVEILLER","OK")) -> A_REAPPROVISIONNER
A48: IT-BUREAU_IT-0047 | C48: Cable tracker | D48: Bureau IT | E48: 3 | F48: =IFERROR(SUMIFS(MOUVEMENTS_STOCK!$E:$E,MOUVEMENTS_STOCK!$C:$C,A48,MOUVEMENTS_STOCK!$D:$D,"ENTREE"),0) -> 0 | G48: =IFERROR(SUMIFS(MOUVEMENTS_STOCK!$E:$E,MOUVEMENTS_STOCK!$C:$C,A48,MOUVEMENTS_STOCK!$D:$D,"SORTIE"),0) -> 0 | H48: =E48+F48-G48 -> 3 | I48: 2 | J48: =IF(H48<=I48,"CRITIQUE",IF(H48<=I48+1,"BAS","OK")) -> BAS | K48: =IF(J48="CRITIQUE","A_REAPPROVISIONNER",IF(J48="BAS","SURVEILLER","OK")) -> SURVEILLER | L48: N/A; N/A | M48: 1 old + 1 New cable tracker
A49: IT-BUREAU_IT-0048 | C49: Cartouche Ricoh | D49: Bureau IT | E49: 6 | F49: =IFERROR(SUMIFS(MOUVEMENTS_STOCK!$E:$E,MOUVEMENTS_STOCK!$C:$C,A49,MOUVEMENTS_STOCK!$D:$D,"ENTREE"),0) -> 0 | G49: =IFERROR(SUMIFS(MOUVEMENTS_STOCK!$E:$E,MOUVEMENTS_STOCK!$C:$C,A49,MOUVEMENTS_STOCK!$D:$D,"SORTIE"),0) -> 0 | H49: =E49+F49-G49 -> 6 | I49: 2 | J49: =IF(H49<=I49,"CRITIQUE",IF(H49<=I49+1,"BAS","OK")) -> OK | K49: =IF(J49="CRITIQUE","A_REAPPROVISIONNER",IF(J49="BAS","SURVEILLER","OK")) -> OK | L49: N/A; N/A | M49: Business Centre; Ricoh Compta, 2 blacks
A50: IT-BUREAU_IT-0049 | C50: Casque sans fil | D50: Bureau IT | E50: 3 | F50: =IFERROR(SUMIFS(MOUVEMENTS_STOCK!$E:$E,MOUVEMENTS_STOCK!$C:$C,A50,MOUVEMENTS_STOCK!$D:$D,"ENTREE"),0) -> 0 | G50: =IFERROR(SUMIFS(MOUVEMENTS_STOCK!$E:$E,MOUVEMENTS_STOCK!$C:$C,A50,MOUVEMENTS_STOCK!$D:$D,"SORTIE"),0) -> 0 | H50: =E50+F50-G50 -> 3 | I50: 2 | J50: =IF(H50<=I50,"CRITIQUE",IF(H50<=I50+1,"BAS","OK")) -> BAS | K50: =IF(J50="CRITIQUE","A_REAPPROVISIONNER",IF(J50="BAS","SURVEILLER","OK")) -> SURVEILLER | M50: Protend Bluetooth
A51: IT-BUREAU_IT-0050 | C51: Claviers | D51: Bureau IT | E51: 5 | F51: =IFERROR(SUMIFS(MOUVEMENTS_STOCK!$E:$E,MOUVEMENTS_STOCK!$C:$C,A51,MOUVEMENTS_STOCK!$D:$D,"ENTREE"),0) -> 0 | G51: =IFERROR(SUMIFS(MOUVEMENTS_STOCK!$E:$E,MOUVEMENTS_STOCK!$C:$C,A51,MOUVEMENTS_STOCK!$D:$D,"SORTIE"),0) -> 0 | H51: =E51+F51-G51 -> 5 | I51: 2 | J51: =IF(H51<=I51,"CRITIQUE",IF(H51<=I51+1,"BAS","OK")) -> OK | K51: =IF(J51="CRITIQUE","A_REAPPROVISIONNER",IF(J51="BAS","SURVEILLER","OK")) -> OK | L51: N/A | M51: New keyboard
A52: IT-BUREAU_IT-0051 | C52: ClickShare | D52: Bureau IT | E52: 3 | F52: =IFERROR(SUMIFS(MOUVEMENTS_STOCK!$E:$E,MOUVEMENTS_STOCK!$C:$C,A52,MOUVEMENTS_STOCK!$D:$D,"ENTREE"),0) -> 0 | G52: =IFERROR(SUMIFS(MOUVEMENTS_STOCK!$E:$E,MOUVEMENTS_STOCK!$C:$C,A52,MOUVEMENTS_STOCK!$D:$D,"SORTIE"),0) -> 0 | H52: =E52+F52-G52 -> 3 | I52: 2 | J52: =IF(H52<=I52,"CRITIQUE",IF(H52<=I52+1,"BAS","OK")) -> BAS | K52: =IF(J52="CRITIQUE","A_REAPPROVISIONNER",IF(J52="BAS","SURVEILLER","OK")) -> SURVEILLER | M52: ClickShare cx-20
A53: IT-BUREAU_IT-0052 | C53: DISPLAY / VGA | D53: Bureau IT | E53: 1 | F53: =IFERROR(SUMIFS(MOUVEMENTS_STOCK!$E:$E,MOUVEMENTS_STOCK!$C:$C,A53,MOUVEMENTS_STOCK!$D:$D,"ENTREE"),0) -> 0 | G53: =IFERROR(SUMIFS(MOUVEMENTS_STOCK!$E:$E,MOUVEMENTS_STOCK!$C:$C,A53,MOUVEMENTS_STOCK!$D:$D,"SORTIE"),0) -> 0 | H53: =E53+F53-G53 -> 1 | I53: 1 | J53: =IF(H53<=I53,"CRITIQUE",IF(H53<=I53+1,"BAS","OK")) -> CRITIQUE | K53: =IF(J53="CRITIQUE","A_REAPPROVISIONNER",IF(J53="BAS","SURVEILLER","OK")) -> A_REAPPROVISIONNER
A54: IT-BUREAU_IT-0053 | C54: Display / HDMI | D54: Bureau IT | E54: 6 | F54: =IFERROR(SUMIFS(MOUVEMENTS_STOCK!$E:$E,MOUVEMENTS_STOCK!$C:$C,A54,MOUVEMENTS_STOCK!$D:$D,"ENTREE"),0) -> 0 | G54: =IFERROR(SUMIFS(MOUVEMENTS_STOCK!$E:$E,MOUVEMENTS_STOCK!$C:$C,A54,MOUVEMENTS_STOCK!$D:$D,"SORTIE"),0) -> 0 | H54: =E54+F54-G54 -> 6 | I54: 2 | J54: =IF(H54<=I54,"CRITIQUE",IF(H54<=I54+1,"BAS","OK")) -> OK | K54: =IF(J54="CRITIQUE","A_REAPPROVISIONNER",IF(J54="BAS","SURVEILLER","OK")) -> OK
A55: IT-BUREAU_IT-0054 | C55: HDMI / VGA | D55: Bureau IT | E55: 4 | F55: =IFERROR(SUMIFS(MOUVEMENTS_STOCK!$E:$E,MOUVEMENTS_STOCK!$C:$C,A55,MOUVEMENTS_STOCK!$D:$D,"ENTREE"),0) -> 0 | G55: =IFERROR(SUMIFS(MOUVEMENTS_STOCK!$E:$E,MOUVEMENTS_STOCK!$C:$C,A55,MOUVEMENTS_STOCK!$D:$D,"SORTIE"),0) -> 0 | H55: =E55+F55-G55 -> 4 | I55: 2 | J55: =IF(H55<=I55,"CRITIQUE",IF(H55<=I55+1,"BAS","OK")) -> OK | K55: =IF(J55="CRITIQUE","A_REAPPROVISIONNER",IF(J55="BAS","SURVEILLER","OK")) -> OK
A56: IT-BUREAU_IT-0055 | C56: Mini display /hdmi | D56: Bureau IT | E56: 5 | F56: =IFERROR(SUMIFS(MOUVEMENTS_STOCK!$E:$E,MOUVEMENTS_STOCK!$C:$C,A56,MOUVEMENTS_STOCK!$D:$D,"ENTREE"),0) -> 0 | G56: =IFERROR(SUMIFS(MOUVEMENTS_STOCK!$E:$E,MOUVEMENTS_STOCK!$C:$C,A56,MOUVEMENTS_STOCK!$D:$D,"SORTIE"),0) -> 0 | H56: =E56+F56-G56 -> 5 | I56: 2 | J56: =IF(H56<=I56,"CRITIQUE",IF(H56<=I56+1,"BAS","OK")) -> OK | K56: =IF(J56="CRITIQUE","A_REAPPROVISIONNER",IF(J56="BAS","SURVEILLER","OK")) -> OK
A57: IT-BUREAU_IT-0056 | C57: New Laptop | D57: Bureau IT | E57: 1 | F57: =IFERROR(SUMIFS(MOUVEMENTS_STOCK!$E:$E,MOUVEMENTS_STOCK!$C:$C,A57,MOUVEMENTS_STOCK!$D:$D,"ENTREE"),0) -> 0 | G57: =IFERROR(SUMIFS(MOUVEMENTS_STOCK!$E:$E,MOUVEMENTS_STOCK!$C:$C,A57,MOUVEMENTS_STOCK!$D:$D,"SORTIE"),0) -> 0 | H57: =E57+F57-G57 -> 1 | I57: 1 | J57: =IF(H57<=I57,"CRITIQUE",IF(H57<=I57+1,"BAS","OK")) -> CRITIQUE | K57: =IF(J57="CRITIQUE","A_REAPPROVISIONNER",IF(J57="BAS","SURVEILLER","OK")) -> A_REAPPROVISIONNER | L57: 5CG44846FZ | M57: HP EliteBook 840 14 inch G10 Notebook pc
A58: IT-BUREAU_IT-0057 | C58: Old Laptop | D58: Bureau IT | E58: 16 | F58: =IFERROR(SUMIFS(MOUVEMENTS_STOCK!$E:$E,MOUVEMENTS_STOCK!$C:$C,A58,MOUVEMENTS_STOCK!$D:$D,"ENTREE"),0) -> 0 | G58: =IFERROR(SUMIFS(MOUVEMENTS_STOCK!$E:$E,MOUVEMENTS_STOCK!$C:$C,A58,MOUVEMENTS_STOCK!$D:$D,"SORTIE"),0) -> 0 | H58: =E58+F58-G58 -> 16 | I58: 2 | J58: =IF(H58<=I58,"CRITIQUE",IF(H58<=I58+1,"BAS","OK")) -> OK | K58: =IF(J58="CRITIQUE","A_REAPPROVISIONNER",IF(J58="BAS","SURVEILLER","OK")) -> OK | M58: HP Koffi; Old HP LT + LT Lenovo
A59: IT-BUREAU_IT-0058 | C59: Old casque | D59: Bureau IT | E59: 4 | F59: =IFERROR(SUMIFS(MOUVEMENTS_STOCK!$E:$E,MOUVEMENTS_STOCK!$C:$C,A59,MOUVEMENTS_STOCK!$D:$D,"ENTREE"),0) -> 0 | G59: =IFERROR(SUMIFS(MOUVEMENTS_STOCK!$E:$E,MOUVEMENTS_STOCK!$C:$C,A59,MOUVEMENTS_STOCK!$D:$D,"SORTIE"),0) -> 0 | H59: =E59+F59-G59 -> 4 | I59: 2 | J59: =IF(H59<=I59,"CRITIQUE",IF(H59<=I59+1,"BAS","OK")) -> OK | K59: =IF(J59="CRITIQUE","A_REAPPROVISIONNER",IF(J59="BAS","SURVEILLER","OK")) -> OK | M59: Logitech
A60: IT-BUREAU_IT-0059 | C60: PC mini Desktop | D60: Bureau IT | E60: 1 | F60: =IFERROR(SUMIFS(MOUVEMENTS_STOCK!$E:$E,MOUVEMENTS_STOCK!$C:$C,A60,MOUVEMENTS_STOCK!$D:$D,"ENTREE"),0) -> 0 | G60: =IFERROR(SUMIFS(MOUVEMENTS_STOCK!$E:$E,MOUVEMENTS_STOCK!$C:$C,A60,MOUVEMENTS_STOCK!$D:$D,"SORTIE"),0) -> 0 | H60: =E60+F60-G60 -> 1 | I60: 1 | J60: =IF(H60<=I60,"CRITIQUE",IF(H60<=I60+1,"BAS","OK")) -> CRITIQUE | K60: =IF(J60="CRITIQUE","A_REAPPROVISIONNER",IF(J60="BAS","SURVEILLER","OK")) -> A_REAPPROVISIONNER | M60: Mini HP black i7 core
A61: IT-BUREAU_IT-0060 | C61: Pointeurs | D61: Bureau IT | E61: 5 | F61: =IFERROR(SUMIFS(MOUVEMENTS_STOCK!$E:$E,MOUVEMENTS_STOCK!$C:$C,A61,MOUVEMENTS_STOCK!$D:$D,"ENTREE"),0) -> 0 | G61: =IFERROR(SUMIFS(MOUVEMENTS_STOCK!$E:$E,MOUVEMENTS_STOCK!$C:$C,A61,MOUVEMENTS_STOCK!$D:$D,"SORTIE"),0) -> 0 | H61: =E61+F61-G61 -> 5 | I61: 2 | J61: =IF(H61<=I61,"CRITIQUE",IF(H61<=I61+1,"BAS","OK")) -> OK | K61: =IF(J61="CRITIQUE","A_REAPPROVISIONNER",IF(J61="BAS","SURVEILLER","OK")) -> OK | L61: N/A; N/A | M61: Logitech; pp-02
A62: IT-BUREAU_IT-0061 | C62: Souris sans fil | D62: Bureau IT | E62: 2 | F62: =IFERROR(SUMIFS(MOUVEMENTS_STOCK!$E:$E,MOUVEMENTS_STOCK!$C:$C,A62,MOUVEMENTS_STOCK!$D:$D,"ENTREE"),0) -> 0 | G62: =IFERROR(SUMIFS(MOUVEMENTS_STOCK!$E:$E,MOUVEMENTS_STOCK!$C:$C,A62,MOUVEMENTS_STOCK!$D:$D,"SORTIE"),0) -> 0 | H62: =E62+F62-G62 -> 2 | I62: 2 | J62: =IF(H62<=I62,"CRITIQUE",IF(H62<=I62+1,"BAS","OK")) -> CRITIQUE | K62: =IF(J62="CRITIQUE","A_REAPPROVISIONNER",IF(J62="BAS","SURVEILLER","OK")) -> A_REAPPROVISIONNER | L62: N/A | M62: Logitech
A63: IT-BUREAU_IT-0062 | C63: TYPE-C/HDMI/USB | D63: Bureau IT | E63: 1 | F63: =IFERROR(SUMIFS(MOUVEMENTS_STOCK!$E:$E,MOUVEMENTS_STOCK!$C:$C,A63,MOUVEMENTS_STOCK!$D:$D,"ENTREE"),0) -> 0 | G63: =IFERROR(SUMIFS(MOUVEMENTS_STOCK!$E:$E,MOUVEMENTS_STOCK!$C:$C,A63,MOUVEMENTS_STOCK!$D:$D,"SORTIE"),0) -> 0 | H63: =E63+F63-G63 -> 1 | I63: 1 | J63: =IF(H63<=I63,"CRITIQUE",IF(H63<=I63+1,"BAS","OK")) -> CRITIQUE | K63: =IF(J63="CRITIQUE","A_REAPPROVISIONNER",IF(J63="BAS","SURVEILLER","OK")) -> A_REAPPROVISIONNER
A64: IT-BUREAU_IT-0063 | C64: Type -C/Multiports | D64: Bureau IT | E64: 2 | F64: =IFERROR(SUMIFS(MOUVEMENTS_STOCK!$E:$E,MOUVEMENTS_STOCK!$C:$C,A64,MOUVEMENTS_STOCK!$D:$D,"ENTREE"),0) -> 0 | G64: =IFERROR(SUMIFS(MOUVEMENTS_STOCK!$E:$E,MOUVEMENTS_STOCK!$C:$C,A64,MOUVEMENTS_STOCK!$D:$D,"SORTIE"),0) -> 0 | H64: =E64+F64-G64 -> 2 | I64: 2 | J64: =IF(H64<=I64,"CRITIQUE",IF(H64<=I64+1,"BAS","OK")) -> CRITIQUE | K64: =IF(J64="CRITIQUE","A_REAPPROVISIONNER",IF(J64="BAS","SURVEILLER","OK")) -> A_REAPPROVISIONNER | M64: Multiports=réseau/hdmi/usb/c
A65: IT-BUREAU_IT-0064 | C65: Type-c / hdmi | D65: Bureau IT | E65: 3 | F65: =IFERROR(SUMIFS(MOUVEMENTS_STOCK!$E:$E,MOUVEMENTS_STOCK!$C:$C,A65,MOUVEMENTS_STOCK!$D:$D,"ENTREE"),0) -> 0 | G65: =IFERROR(SUMIFS(MOUVEMENTS_STOCK!$E:$E,MOUVEMENTS_STOCK!$C:$C,A65,MOUVEMENTS_STOCK!$D:$D,"SORTIE"),0) -> 0 | H65: =E65+F65-G65 -> 3 | I65: 2 | J65: =IF(H65<=I65,"CRITIQUE",IF(H65<=I65+1,"BAS","OK")) -> BAS | K65: =IF(J65="CRITIQUE","A_REAPPROVISIONNER",IF(J65="BAS","SURVEILLER","OK")) -> SURVEILLER
A66: IT-BUREAU_IT-0065 | C66: Usb / Hdmi | D66: Bureau IT | E66: 3 | F66: =IFERROR(SUMIFS(MOUVEMENTS_STOCK!$E:$E,MOUVEMENTS_STOCK!$C:$C,A66,MOUVEMENTS_STOCK!$D:$D,"ENTREE"),0) -> 0 | G66: =IFERROR(SUMIFS(MOUVEMENTS_STOCK!$E:$E,MOUVEMENTS_STOCK!$C:$C,A66,MOUVEMENTS_STOCK!$D:$D,"SORTIE"),0) -> 0 | H66: =E66+F66-G66 -> 3 | I66: 2 | J66: =IF(H66<=I66,"CRITIQUE",IF(H66<=I66+1,"BAS","OK")) -> BAS | K66: =IF(J66="CRITIQUE","A_REAPPROVISIONNER",IF(J66="BAS","SURVEILLER","OK")) -> SURVEILLER | M66: Logitech
A67: IT-BUREAU_IT-0066 | C67: Usb / Réseau | D67: Bureau IT | E67: 2 | F67: =IFERROR(SUMIFS(MOUVEMENTS_STOCK!$E:$E,MOUVEMENTS_STOCK!$C:$C,A67,MOUVEMENTS_STOCK!$D:$D,"ENTREE"),0) -> 0 | G67: =IFERROR(SUMIFS(MOUVEMENTS_STOCK!$E:$E,MOUVEMENTS_STOCK!$C:$C,A67,MOUVEMENTS_STOCK!$D:$D,"SORTIE"),0) -> 0 | H67: =E67+F67-G67 -> 2 | I67: 2 | J67: =IF(H67<=I67,"CRITIQUE",IF(H67<=I67+1,"BAS","OK")) -> CRITIQUE | K67: =IF(J67="CRITIQUE","A_REAPPROVISIONNER",IF(J67="BAS","SURVEILLER","OK")) -> A_REAPPROVISIONNER
A68: IT-BUREAU_IT-0067 | C68: Usb hub | D68: Bureau IT | E68: 2 | F68: =IFERROR(SUMIFS(MOUVEMENTS_STOCK!$E:$E,MOUVEMENTS_STOCK!$C:$C,A68,MOUVEMENTS_STOCK!$D:$D,"ENTREE"),0) -> 0 | G68: =IFERROR(SUMIFS(MOUVEMENTS_STOCK!$E:$E,MOUVEMENTS_STOCK!$C:$C,A68,MOUVEMENTS_STOCK!$D:$D,"SORTIE"),0) -> 0 | H68: =E68+F68-G68 -> 2 | I68: 2 | J68: =IF(H68<=I68,"CRITIQUE",IF(H68<=I68+1,"BAS","OK")) -> CRITIQUE | K68: =IF(J68="CRITIQUE","A_REAPPROVISIONNER",IF(J68="BAS","SURVEILLER","OK")) -> A_REAPPROVISIONNER | M68: 4 ports
A69: IT-BUREAU_IT-0068 | C69: Visio all-in-one mini | D69: Bureau IT | E69: 1 | F69: =IFERROR(SUMIFS(MOUVEMENTS_STOCK!$E:$E,MOUVEMENTS_STOCK!$C:$C,A69,MOUVEMENTS_STOCK!$D:$D,"ENTREE"),0) -> 0 | G69: =IFERROR(SUMIFS(MOUVEMENTS_STOCK!$E:$E,MOUVEMENTS_STOCK!$C:$C,A69,MOUVEMENTS_STOCK!$D:$D,"SORTIE"),0) -> 0 | H69: =E69+F69-G69 -> 1 | I69: 1 | J69: =IF(H69<=I69,"CRITIQUE",IF(H69<=I69+1,"BAS","OK")) -> CRITIQUE | K69: =IF(J69="CRITIQUE","A_REAPPROVISIONNER",IF(J69="BAS","SURVEILLER","OK")) -> A_REAPPROVISIONNER | M69: Logitech
A70: IT-BUREAU_IT-0069 | C70: Visio conférence | D70: Bureau IT | E70: 1 | F70: =IFERROR(SUMIFS(MOUVEMENTS_STOCK!$E:$E,MOUVEMENTS_STOCK!$C:$C,A70,MOUVEMENTS_STOCK!$D:$D,"ENTREE"),0) -> 0 | G70: =IFERROR(SUMIFS(MOUVEMENTS_STOCK!$E:$E,MOUVEMENTS_STOCK!$C:$C,A70,MOUVEMENTS_STOCK!$D:$D,"SORTIE"),0) -> 0 | H70: =E70+F70-G70 -> 1 | I70: 1 | J70: =IF(H70<=I70,"CRITIQUE",IF(H70<=I70+1,"BAS","OK")) -> CRITIQUE | K70: =IF(J70="CRITIQUE","A_REAPPROVISIONNER",IF(J70="BAS","SURVEILLER","OK")) -> A_REAPPROVISIONNER | M70: Logitech
A71: IT-BUREAU_IT-0070 | C71: Wireless speaker | D71: Bureau IT | E71: 2 | F71: =IFERROR(SUMIFS(MOUVEMENTS_STOCK!$E:$E,MOUVEMENTS_STOCK!$C:$C,A71,MOUVEMENTS_STOCK!$D:$D,"ENTREE"),0) -> 0 | G71: =IFERROR(SUMIFS(MOUVEMENTS_STOCK!$E:$E,MOUVEMENTS_STOCK!$C:$C,A71,MOUVEMENTS_STOCK!$D:$D,"SORTIE"),0) -> 0 | H71: =E71+F71-G71 -> 2 | I71: 2 | J71: =IF(H71<=I71,"CRITIQUE",IF(H71<=I71+1,"BAS","OK")) -> CRITIQUE | K71: =IF(J71="CRITIQUE","A_REAPPROVISIONNER",IF(J71="BAS","SURVEILLER","OK")) -> A_REAPPROVISIONNER | M71: Charge 4
A72: IT-SONO-0071 | C72: HDMI | D72: Sono | E72: 17 | F72: =IFERROR(SUMIFS(MOUVEMENTS_STOCK!$E:$E,MOUVEMENTS_STOCK!$C:$C,A72,MOUVEMENTS_STOCK!$D:$D,"ENTREE"),0) -> 0 | G72: =IFERROR(SUMIFS(MOUVEMENTS_STOCK!$E:$E,MOUVEMENTS_STOCK!$C:$C,A72,MOUVEMENTS_STOCK!$D:$D,"SORTIE"),0) -> 0 | H72: =E72+F72-G72 -> 17 | I72: 2 | J72: =IF(H72<=I72,"CRITIQUE",IF(H72<=I72+1,"BAS","OK")) -> OK | K72: =IF(J72="CRITIQUE","A_REAPPROVISIONNER",IF(J72="BAS","SURVEILLER","OK")) -> OK | L72: N/A; N/A | M72: 3*20m / 4*10 m; Rangé dans le carton
A73: IT-SONO-0072 | C73: Jack sono | D73: Sono | E73: 1 | F73: =IFERROR(SUMIFS(MOUVEMENTS_STOCK!$E:$E,MOUVEMENTS_STOCK!$C:$C,A73,MOUVEMENTS_STOCK!$D:$D,"ENTREE"),0) -> 0 | G73: =IFERROR(SUMIFS(MOUVEMENTS_STOCK!$E:$E,MOUVEMENTS_STOCK!$C:$C,A73,MOUVEMENTS_STOCK!$D:$D,"SORTIE"),0) -> 0 | H73: =E73+F73-G73 -> 1 | I73: 1 | J73: =IF(H73<=I73,"CRITIQUE",IF(H73<=I73+1,"BAS","OK")) -> CRITIQUE | K73: =IF(J73="CRITIQUE","A_REAPPROVISIONNER",IF(J73="BAS","SURVEILLER","OK")) -> A_REAPPROVISIONNER | L73: N/A
A74: IT-SONO-0073 | C74: Multiprises | D74: Sono | E74: 11 | F74: =IFERROR(SUMIFS(MOUVEMENTS_STOCK!$E:$E,MOUVEMENTS_STOCK!$C:$C,A74,MOUVEMENTS_STOCK!$D:$D,"ENTREE"),0) -> 0 | G74: =IFERROR(SUMIFS(MOUVEMENTS_STOCK!$E:$E,MOUVEMENTS_STOCK!$C:$C,A74,MOUVEMENTS_STOCK!$D:$D,"SORTIE"),0) -> 0 | H74: =E74+F74-G74 -> 11 | I74: 2 | J74: =IF(H74<=I74,"CRITIQUE",IF(H74<=I74+1,"BAS","OK")) -> OK | K74: =IF(J74="CRITIQUE","A_REAPPROVISIONNER",IF(J74="BAS","SURVEILLER","OK")) -> OK | M74: Multiports; Tourelles 3*5m/ 4*10m
A75: IT-SONO-0074 | C75: Réseau | D75: Sono | E75: 2 | F75: =IFERROR(SUMIFS(MOUVEMENTS_STOCK!$E:$E,MOUVEMENTS_STOCK!$C:$C,A75,MOUVEMENTS_STOCK!$D:$D,"ENTREE"),0) -> 0 | G75: =IFERROR(SUMIFS(MOUVEMENTS_STOCK!$E:$E,MOUVEMENTS_STOCK!$C:$C,A75,MOUVEMENTS_STOCK!$D:$D,"SORTIE"),0) -> 0 | H75: =E75+F75-G75 -> 2 | I75: 2 | J75: =IF(H75<=I75,"CRITIQUE",IF(H75<=I75+1,"BAS","OK")) -> CRITIQUE | K75: =IF(J75="CRITIQUE","A_REAPPROVISIONNER",IF(J75="BAS","SURVEILLER","OK")) -> A_REAPPROVISIONNER | M75: plus de 10 mètres
A76: IT-SONO-0075 | C76: Spliters | D76: Sono | E76: 8 | F76: =IFERROR(SUMIFS(MOUVEMENTS_STOCK!$E:$E,MOUVEMENTS_STOCK!$C:$C,A76,MOUVEMENTS_STOCK!$D:$D,"ENTREE"),0) -> 0 | G76: =IFERROR(SUMIFS(MOUVEMENTS_STOCK!$E:$E,MOUVEMENTS_STOCK!$C:$C,A76,MOUVEMENTS_STOCK!$D:$D,"SORTIE"),0) -> 0 | H76: =E76+F76-G76 -> 8 | I76: 2 | J76: =IF(H76<=I76,"CRITIQUE",IF(H76<=I76+1,"BAS","OK")) -> OK | K76: =IF(J76="CRITIQUE","A_REAPPROVISIONNER",IF(J76="BAS","SURVEILLER","OK")) -> OK | M76: 1 input + 4 output; 1 port input + 8 output; 2 input + 4 output
A77: IT-SONO-0076 | C77: Télécommande | D77: Sono | E77: 8 | F77: =IFERROR(SUMIFS(MOUVEMENTS_STOCK!$E:$E,MOUVEMENTS_STOCK!$C:$C,A77,MOUVEMENTS_STOCK!$D:$D,"ENTREE"),0) -> 0 | G77: =IFERROR(SUMIFS(MOUVEMENTS_STOCK!$E:$E,MOUVEMENTS_STOCK!$C:$C,A77,MOUVEMENTS_STOCK!$D:$D,"SORTIE"),0) -> 0 | H77: =E77+F77-G77 -> 8 | I77: 2 | J77: =IF(H77<=I77,"CRITIQUE",IF(H77<=I77+1,"BAS","OK")) -> OK | K77: =IF(J77="CRITIQUE","A_REAPPROVISIONNER",IF(J77="BAS","SURVEILLER","OK")) -> OK | M77: projecteur Epson
A78: IT-SONO-0077 | C78: Vidéo projecteurs | D78: Sono | E78: 11 | F78: =IFERROR(SUMIFS(MOUVEMENTS_STOCK!$E:$E,MOUVEMENTS_STOCK!$C:$C,A78,MOUVEMENTS_STOCK!$D:$D,"ENTREE"),0) -> 0 | G78: =IFERROR(SUMIFS(MOUVEMENTS_STOCK!$E:$E,MOUVEMENTS_STOCK!$C:$C,A78,MOUVEMENTS_STOCK!$D:$D,"SORTIE"),0) -> 0 | H78: =E78+F78-G78 -> 11 | I78: 2 | J78: =IF(H78<=I78,"CRITIQUE",IF(H78<=I78+1,"BAS","OK")) -> OK | K78: =IF(J78="CRITIQUE","A_REAPPROVISIONNER",IF(J78="BAS","SURVEILLER","OK")) -> OK | M78: Hdmi HS

Sheet MOUVEMENTS_STOCK
A1: Date | B1: Référence | C1: ID_Materiel | D1: Action | E1: Quantité | F1: Motif | G1: Responsable | H1: Commentaire
A2: 46013 | B2: REF-0001 | C2: IT-122-0001 | D2: ENTREE | E2: 1 | F2: Achat | H2: Exemple (supprimer)

Sheet ATTRIBUTIONS
A1: Date | B1: ID_Materiel | C1: Employé | D1: Département | E1: Localisation | F1: État | G1: Date_Retour_Prévue | H1: Commentaire

Sheet ALERTES
A1: Alertes stock (auto)

Sheet DASHBOARD
A1: Tableau de bord — Stock IT
A3: Total références | B3: =COUNTA(INVENTAIRE!A2:A78) -> 77
A4: Références en stock critique | B4: =COUNTIF(INVENTAIRE!J2:J78,"CRITIQUE") -> 35
A5: Références en stock bas | B5: =COUNTIF(INVENTAIRE!J2:J78,"BAS") -> 7
A6: Références OK | B6: =COUNTIF(INVENTAIRE!J2:J78,"OK") -> 35

Sheet PARAMETRES
A1: Listes (ne pas supprimer)
A2: Statuts | B2: Actions | C2: Motifs | D2: Categories | E2: Localisations
A3: OK | B3: ENTREE | C3: Achat | D3: Périphérique | E3: 122
A4: HS | B4: SORTIE | C4: Transfert | D4: Réseau | E4: 133
A5: EN_REPARATION | B5: AJUSTEMENT | C5: Attribution | D5: Serveur | E5: Bureau IT
A6: PERDU | C6: Retour | D6: Téléphonie | E6: Sono
A7: REBUT | C7: Panne | D7: Impression | E7: Radisson Blu
C8: Perte | D8: Stockage | E8: Park Inn
C9: Inventaire | D9: Câblage | E9: Bureau IT
C10: Autre | D10: Autre

Sheet GUIDE
A1: Guide d’utilisation (Radisson IT Dept)
A3: 1) Ajoute/retire du stock uniquement via la feuille MOUVEMENTS_STOCK.
A4: - Action ENTREE : Quantité positive
A5: - Action SORTIE : Quantité positive (sera soustraite automatiquement)
A6: 2) Ne modifie pas les formules dans INVENTAIRE (colonnes Entrées/Sorties/Stock_Actuel/Alerte).
A7: 3) Complète Stock_Min par référence pour activer des alertes pertinentes.
A8: 4) Utilise ATTRIBUTIONS pour tracer qui possède quel matériel (prêts/attributions).
A9: 5) La feuille ALERTES se met à jour automatiquement (Excel 365 recommandé).
A10: 6) Migration Django : export CSV de INVENTAIRE + MOUVEMENTS_STOCK + ATTRIBUTIONS.
